{
  "run_id": "lgbm__pca_0__tune_1",
  "timestamp": "2025-12-19T03:16:17.385017",
  "f1": 0.6285714285714286,
  "confusion_matrix": [
    [
      785,
      250
    ],
    [
      88,
      286
    ]
  ],
  "report": {
    "0": {
      "precision": 0.8991981672394044,
      "recall": 0.7584541062801933,
      "f1-score": 0.8228511530398323,
      "support": 1035.0
    },
    "1": {
      "precision": 0.5335820895522388,
      "recall": 0.7647058823529411,
      "f1-score": 0.6285714285714286,
      "support": 374.0
    },
    "accuracy": 0.7601135557132718,
    "macro avg": {
      "precision": 0.7163901283958216,
      "recall": 0.7615799943165672,
      "f1-score": 0.7257112908056305,
      "support": 1409.0
    },
    "weighted avg": {
      "precision": 0.8021503226297522,
      "recall": 0.7601135557132718,
      "f1-score": 0.7712822268856925,
      "support": 1409.0
    }
  },
  "meta": {
    "model": "lgbm",
    "use_pca": false,
    "use_tuning": true,
    "best_params": {
      "n_estimators": 1043,
      "learning_rate": 0.010545280926284336,
      "num_leaves": 26,
      "max_depth": 10,
      "min_child_samples": 19,
      "subsample": 0.8747309781730305,
      "colsample_bytree": 0.8561145021004486
    }
  }
}