{
  "run_id": "lgbm__pca_0__tune_0",
  "timestamp": "2025-12-19T03:15:24.279020",
  "f1": 0.6168446026097272,
  "confusion_matrix": [
    [
      826,
      209
    ],
    [
      114,
      260
    ]
  ],
  "report": {
    "0": {
      "precision": 0.8787234042553191,
      "recall": 0.7980676328502415,
      "f1-score": 0.8364556962025317,
      "support": 1035.0
    },
    "1": {
      "precision": 0.5543710021321961,
      "recall": 0.6951871657754011,
      "f1-score": 0.6168446026097272,
      "support": 374.0
    },
    "accuracy": 0.7707594038325053,
    "macro avg": {
      "precision": 0.7165472031937576,
      "recall": 0.7466273993128213,
      "f1-score": 0.7266501494061295,
      "support": 1409.0
    },
    "weighted avg": {
      "precision": 0.7926284444298769,
      "recall": 0.7707594038325053,
      "f1-score": 0.7781629006001832,
      "support": 1409.0
    }
  },
  "meta": {
    "model": "lgbm",
    "use_pca": false,
    "use_tuning": false,
    "best_params": null
  }
}