{
  "run_id": "logreg__pca_0__tune_1",
  "timestamp": "2025-12-19T03:11:41.378000",
  "f1": 0.6186440677966102,
  "confusion_matrix": [
    [
      757,
      278
    ],
    [
      82,
      292
    ]
  ],
  "report": {
    "0": {
      "precision": 0.902264600715137,
      "recall": 0.7314009661835749,
      "f1-score": 0.807897545357524,
      "support": 1035.0
    },
    "1": {
      "precision": 0.512280701754386,
      "recall": 0.7807486631016043,
      "f1-score": 0.6186440677966102,
      "support": 374.0
    },
    "accuracy": 0.7444996451383961,
    "macro avg": {
      "precision": 0.7072726512347616,
      "recall": 0.7560748146425895,
      "f1-score": 0.7132708065770671,
      "support": 1409.0
    },
    "weighted avg": {
      "precision": 0.7987486474068894,
      "recall": 0.7444996451383961,
      "f1-score": 0.7576627684889776,
      "support": 1409.0
    }
  },
  "meta": {
    "model": "logreg",
    "use_pca": false,
    "use_tuning": true,
    "best_params": {
      "C": 0.021243215937972,
      "solver": "lbfgs"
    }
  }
}