{
  "run_id": "rf__pca_1__tune_1",
  "timestamp": "2025-12-19T03:14:13.817439",
  "f1": 0.6049237983587339,
  "confusion_matrix": [
    [
      814,
      221
    ],
    [
      116,
      258
    ]
  ],
  "report": {
    "0": {
      "precision": 0.875268817204301,
      "recall": 0.7864734299516908,
      "f1-score": 0.8284987277353689,
      "support": 1035.0
    },
    "1": {
      "precision": 0.5386221294363257,
      "recall": 0.6898395721925134,
      "f1-score": 0.6049237983587339,
      "support": 374.0
    },
    "accuracy": 0.7608232789212207,
    "macro avg": {
      "precision": 0.7069454733203133,
      "recall": 0.7381565010721021,
      "f1-score": 0.7167112630470514,
      "support": 1409.0
    },
    "weighted avg": {
      "precision": 0.7859105054759669,
      "recall": 0.7608232789212207,
      "f1-score": 0.7691537855161628,
      "support": 1409.0
    }
  },
  "meta": {
    "model": "rf",
    "use_pca": true,
    "use_tuning": true,
    "best_params": {
      "n_estimators": 489,
      "max_depth": 12,
      "min_samples_split": 13,
      "min_samples_leaf": 10
    }
  }
}