{
  "run_id": "xgb__pca_1__tune_0",
  "timestamp": "2025-12-19T03:14:39.679224",
  "f1": 0.5760233918128655,
  "confusion_matrix": [
    [
      922,
      113
    ],
    [
      177,
      197
    ]
  ],
  "report": {
    "0": {
      "precision": 0.8389444949954504,
      "recall": 0.8908212560386474,
      "f1-score": 0.8641049671977507,
      "support": 1035.0
    },
    "1": {
      "precision": 0.635483870967742,
      "recall": 0.5267379679144385,
      "f1-score": 0.5760233918128655,
      "support": 374.0
    },
    "accuracy": 0.794180269694819,
    "macro avg": {
      "precision": 0.7372141829815961,
      "recall": 0.7087796119765429,
      "f1-score": 0.7200641795053081,
      "support": 1409.0
    },
    "weighted avg": {
      "precision": 0.7849386231811403,
      "recall": 0.794180269694819,
      "f1-score": 0.7876376079401587,
      "support": 1409.0
    }
  },
  "meta": {
    "model": "xgb",
    "use_pca": true,
    "use_tuning": false,
    "best_params": null
  }
}