{
  "run_id": "xgb__pca_0__tune_0",
  "timestamp": "2025-12-19T03:14:15.649748",
  "f1": 0.566813509544787,
  "confusion_matrix": [
    [
      921,
      114
    ],
    [
      181,
      193
    ]
  ],
  "report": {
    "0": {
      "precision": 0.8357531760435571,
      "recall": 0.8898550724637682,
      "f1-score": 0.8619560131024802,
      "support": 1035.0
    },
    "1": {
      "precision": 0.6286644951140065,
      "recall": 0.516042780748663,
      "f1-score": 0.566813509544787,
      "support": 374.0
    },
    "accuracy": 0.7906316536550745,
    "macro avg": {
      "precision": 0.7322088355787818,
      "recall": 0.7029489266062157,
      "f1-score": 0.7143847613236336,
      "support": 1409.0
    },
    "weighted avg": {
      "precision": 0.7807842855768062,
      "recall": 0.7906316536550745,
      "f1-score": 0.7836144259267688,
      "support": 1409.0
    }
  },
  "meta": {
    "model": "xgb",
    "use_pca": false,
    "use_tuning": false,
    "best_params": null
  }
}